x_2018,y_2018,x_2019,y_2019,Fecha_2018,Fecha_2019,Real_2018,Prevista_2018,Programada_2018,Real_2019,Prevista_2019,Programada_2019,Mes,Dia,Temp_2018,Prec_2018,Prec_2019,Temp_2019
9,1,10,1,2018-01-01,2019-01-01,22462.0,22481.38888888889,22308.91666666667,23086.63888888889,23068.840277777777,23013.70833333333,1,1,9.369230769230768,2.6358974358974363,0.05526315789473685,8.310526315789476
10,1,11,1,2018-01-02,2019-01-02,28544.0,28563.701388888887,28349.58333333333,29425.04166666667,29430.61805555556,29354.25,1,2,11.253846153846151,1.8538461538461537,0.028947368421052635,7.371052631578946
11,1,12,1,2018-01-03,2019-01-03,29820.0,29817.41666666667,29659.0,31262.11805555556,31299.94444444444,31181.95833333333,1,3,13.320512820512818,0.7487179487179488,0.002631578947368421,6.863157894736841
12,1,13,1,2018-01-04,2019-01-04,29840.0,29821.902777777777,29727.54166666667,31409.41666666667,31478.31944444444,31437.875,1,4,12.892307692307694,2.68974358974359,0.0,6.7605263157894715
13,1,14,1,2018-01-05,2019-01-05,28678.0,28690.44444444444,28660.125,28428.361111111113,28452.89583333333,28354.625,1,5,10.217948717948717,9.917948717948715,0.007894736842105265,6.657894736842104
14,1,15,1,2018-01-06,2019-01-06,25254.0,25304.56944444444,25208.75,26190.35416666667,26191.57638888889,26105.91666666667,1,6,6.276923076923074,12.3,0.002631578947368421,6.9526315789473685
15,1,9,2,2018-01-07,2019-01-07,26714.0,26673.77083333333,26657.45833333333,30258.923611111113,30247.986111111113,30211.33333333333,1,7,5.241025641025642,3.176923076923077,0.002702702702702703,6.6421052631578945
9,2,10,2,2018-01-08,2019-01-08,32591.0,32540.4375,32587.83333333333,33474.958333333336,33478.645833333336,33557.958333333336,1,8,5.735897435897436,0.776923076923077,0.47368421052631576,7.016216216216214
10,2,11,2,2018-01-09,2019-01-09,34051.0,34059.9375,33978.083333333336,33626.791666666664,33652.958333333336,33533.958333333336,1,9,5.217948717948719,2.8179487179487177,0.07105263157894737,7.7026315789473685
11,2,12,2,2018-01-10,2019-01-10,33327.0,33334.243055555555,33229.291666666664,33815.17361111112,34015.82638888888,33861.583333333336,1,10,8.449999999999998,4.2205128205128215,0.06052631578947368,5.8999999999999995
12,2,13,2,2018-01-11,2019-01-11,33210.0,33192.28472222222,33160.375,34418.02777777778,34429.70138888888,34363.583333333336,1,11,7.310256410256411,2.6999999999999997,0.15263157894736842,4.56578947368421
13,2,14,2,2018-01-12,2019-01-12,33335.0,33309.756944444445,33323.833333333336,30634.68055555556,30618.173611111113,30513.83333333333,1,12,6.407692307692308,1.4384615384615385,0.32105263157894737,5.739473684210526
14,2,15,2,2018-01-13,2019-01-13,30305.0,30273.090277777777,30225.91666666667,28656.25,28670.19444444444,28582.04166666667,1,13,6.258974358974359,5.161538461538461,0.34210526315789475,6.923684210526316
15,2,9,3,2018-01-14,2019-01-14,28158.0,28176.4375,28095.83333333333,33198.29861111112,33204.03472222222,33212.125,1,14,5.823076923076923,3.307692307692307,0.44210526315789467,8.542105263157893
9,3,10,3,2018-01-15,2019-01-15,33193.0,33189.59027777778,33129.125,33577.45138888888,33599.041666666664,33528.416666666664,1,15,6.099999999999999,0.5794871794871795,0.034210526315789476,7.915789473684211
10,3,11,3,2018-01-16,2019-01-16,33180.0,33185.333333333336,33090.708333333336,33533.79861111112,33763.48611111112,33625.5,1,16,9.512820512820511,0.8923076923076925,1.263157894736842,6.9684210526315775
11,3,12,3,2018-01-17,2019-01-17,32669.0,32624.652777777777,32611.125,33690.256944444445,33844.34027777778,33792.833333333336,1,17,9.361538461538458,0.482051282051282,2.131578947368421,6.876315789473685
12,3,13,3,2018-01-18,2019-01-18,32566.0,32555.3125,32490.41666666667,33776.993055555555,33812.368055555555,33756.083333333336,1,18,8.851282051282052,0.3102564102564103,1.3135135135135136,5.457894736842106
13,3,14,3,2018-01-19,2019-01-19,32305.0,32342.763888888887,32138.41666666667,30343.986111111113,30527.402777777777,30405.41666666667,1,19,9.38205128205128,0.7179487179487181,9.124324324324325,6.767567567567567
14,3,15,3,2018-01-20,2019-01-20,28612.0,28633.409722222223,28434.375,28011.66666666667,28057.50694444444,27970.83333333333,1,20,9.520512820512819,1.4025641025641027,3.228947368421052,7.994736842105263
15,3,9,4,2018-01-21,2019-01-21,26172.0,26144.36111111111,26004.95833333333,33046.944444444445,33054.9375,33004.083333333336,1,21,11.553846153846154,0.3641025641025641,0.28421052631578947,6.810526315789474
9,4,10,4,2018-01-22,2019-01-22,30883.0,30797.472222222223,30698.375,34471.34722222222,34472.61111111112,34440.916666666664,1,22,10.874358974358975,0.8615384615384616,7.9921052631578915,5.913157894736842
10,4,11,4,2018-01-23,2019-01-23,31443.0,31429.701388888887,31359.91666666667,33952.5625,34094.208333333336,34061.333333333336,1,23,10.36666666666667,0.08974358974358974,4.381578947368421,9.489473684210532
11,4,12,4,2018-01-24,2019-01-24,31579.0,31577.52083333333,31581.16666666667,33365.21527777778,33362.17361111112,33261.208333333336,1,24,9.786842105263156,2.443589743589744,1.636842105263158,10.671794871794873
12,4,13,4,2018-01-25,2019-01-25,32054.0,32172.951388888887,32119.75,32441.3125,32467.875,32434.58333333333,1,25,8.34736842105263,7.63076923076923,0.7394736842105263,10.131578947368425
13,4,14,4,2018-01-26,2019-01-26,32589.0,32545.5625,32452.04166666667,28710.611111111113,28757.19444444444,28671.54166666667,1,26,7.000000000000002,3.092307692307693,0.6102564102564103,9.26153846153846
14,4,15,4,2018-01-27,2019-01-27,29242.0,29276.43055555556,29184.79166666667,26996.02083333333,27001.32638888889,26897.16666666667,1,27,6.679487179487178,1.4846153846153844,2.4769230769230766,8.54871794871795
15,4,9,5,2018-01-28,2019-01-28,27201.0,27226.23611111111,27130.375,32182.402777777777,32248.263888888887,32152.0,1,28,7.966666666666668,1.2897435897435898,1.8974358974358974,8.776923076923078
9,5,10,5,2018-01-29,2019-01-29,31562.0,31657.86805555556,31540.75,32968.5625,32974.625,32931.0,1,29,9.384615384615387,0.3153846153846154,3.658974358974359,8.369230769230768
10,5,11,5,2018-01-30,2019-01-30,32215.0,32246.625,32148.75,32936.47222222222,32972.006944444445,32942.916666666664,1,30,8.717948717948717,0.44871794871794873,9.679487179487179,8.366666666666667
11,5,12,5,2018-01-31,2019-01-31,32128.0,32120.090277777777,32084.375,32604.826388888887,32730.05555555556,32667.5,1,31,8.343589743589746,1.5282051282051279,10.602631578947365,11.225641025641027
21,1,22,1,2018-02-01,2019-02-01,32882.0,32917.75,32820.166666666664,32171.74305555556,32239.27083333333,32145.79166666667,2,1,7.015384615384616,5.351282051282051,6.771052631578947,8.515384615384615
22,1,23,1,2018-02-02,2019-02-02,33268.0,33286.041666666664,33272.5,29486.30555555556,29505.111111111113,29464.41666666667,2,2,5.1641025641025635,2.599999999999999,1.1815789473684213,6.489189189189188
23,1,24,1,2018-02-03,2019-02-03,29974.0,29894.83333333333,29876.70833333333,27716.840277777777,27708.67361111111,27735.875,2,3,5.661538461538462,6.71578947368421,0.1692307692307692,5.282051282051283
24,1,18,2,2018-02-04,2019-02-04,28487.0,28583.86805555556,28481.20833333333,32930.368055555555,32952.4375,32896.208333333336,2,4,5.473684210526317,5.605263157894736,0.382051282051282,6.397435897435898
18,2,19,2,2018-02-05,2019-02-05,33832.0,33920.27777777778,33891.333333333336,32853.20138888888,32922.59722222222,32865.625,2,5,4.936842105263158,4.081578947368421,0.22820512820512823,9.43846153846154
19,2,20,2,2018-02-06,2019-02-06,34316.0,34495.930555555555,34342.916666666664,32244.85416666667,32288.38194444444,32293.04166666667,2,6,4.065789473684211,3.223684210526316,0.39210526315789473,9.892105263157896
20,2,21,2,2018-02-07,2019-02-07,34583.0,34605.125,34619.208333333336,31856.27083333333,31964.576388888887,31899.75,2,7,3.763157894736841,1.2552631578947366,0.08421052631578947,9.557894736842103
21,2,22,2,2018-02-08,2019-02-08,35001.0,34957.305555555555,34927.958333333336,31475.04166666667,31569.95833333333,31515.875,2,8,3.4342105263157903,1.0621621621621622,0.31842105263157894,9.089743589743588
22,2,23,2,2018-02-09,2019-02-09,34632.0,34651.868055555555,34543.333333333336,28401.74305555556,28445.486111111113,28274.79166666667,2,9,4.613157894736842,1.2684210526315791,1.5421052631578949,10.3
23,2,24,2,2018-02-10,2019-02-10,30706.0,30707.909722222223,30573.79166666667,26638.13888888889,26650.06944444444,26512.58333333333,2,10,6.136842105263157,1.3921052631578952,0.9358974358974359,10.05263157894737
24,2,18,3,2018-02-11,2019-02-11,27947.0,27950.36111111111,27821.41666666667,30916.33333333333,30989.54166666667,30976.75,2,11,8.536842105263158,4.9947368421052625,0.482051282051282,9.666666666666666
18,3,19,3,2018-02-12,2019-02-12,32966.0,32962.194444444445,32952.208333333336,31703.24305555556,31772.25694444444,31725.25,2,12,6.578378378378377,2.6973684210526314,0.0,9.323076923076922
19,3,20,3,2018-02-13,2019-02-13,33874.0,33854.29861111112,33744.583333333336,31496.49305555556,31563.27083333333,31489.375,2,13,5.816216216216216,4.586842105263159,0.0,9.897435897435898
20,3,21,3,2018-02-14,2019-02-14,33514.0,33502.291666666664,33395.791666666664,31348.215277777777,31388.888888888887,31319.125,2,14,9.942105263157895,1.2710526315789474,0.05897435897435897,10.946153846153846
21,3,22,3,2018-02-15,2019-02-15,32513.0,32511.85416666667,32469.91666666667,31167.3125,31187.66666666667,31146.54166666667,2,15,12.09736842105263,1.773684210526316,0.4947368421052632,11.302564102564101
22,3,23,3,2018-02-16,2019-02-16,31758.0,31774.201388888887,31735.04166666667,27780.47916666667,27837.82638888889,27713.29166666667,2,16,11.894736842105265,3.0447368421052627,0.07105263157894737,11.207894736842103
23,3,24,3,2018-02-17,2019-02-17,28370.0,28365.909722222223,28257.83333333333,25865.63888888889,25952.85416666667,25799.33333333333,2,17,9.778947368421052,0.5921052631578948,1.3282051282051284,10.639473684210529
24,3,18,4,2018-02-18,2019-02-18,26560.0,26599.11111111111,26409.45833333333,30841.20833333333,30862.89583333333,30830.58333333333,2,18,8.742105263157894,1.8868421052631579,0.9131578947368422,9.941025641025641
18,4,19,4,2018-02-19,2019-02-19,31441.0,31507.31944444444,31251.83333333333,31093.013888888887,31314.076388888887,31301.625,2,19,10.028947368421052,3.5368421052631573,0.030769230769230774,9.710526315789473
19,4,20,4,2018-02-20,2019-02-20,31774.0,31764.784722222223,31652.875,31050.81944444444,31015.3125,31047.45833333333,2,20,10.278947368421052,1.4842105263157894,0.0,10.002564102564103
20,4,21,4,2018-02-21,2019-02-21,31947.0,31928.638888888887,31820.45833333333,31072.66666666667,31146.763888888887,30770.66666666667,2,21,8.021052631578945,0.4421052631578948,0.0,11.066666666666666
21,4,22,4,2018-02-22,2019-02-22,32541.0,32526.0,32367.5,30426.39583333333,30438.95833333333,30393.54166666667,2,22,5.807894736842104,0.1368421052631579,0.0,12.289743589743589
22,4,23,4,2018-02-23,2019-02-23,32785.0,32835.041666666664,32822.5,27166.44444444444,27147.68055555556,27048.04166666667,2,23,5.410526315789475,0.05526315789473685,0.0,11.825641025641026
23,4,24,4,2018-02-24,2019-02-24,29358.0,29367.152777777777,29249.16666666667,25083.89583333333,25164.01388888889,25068.41666666667,2,24,6.363157894736841,0.031578947368421054,0.0,12.382051282051279
24,4,18,5,2018-02-25,2019-02-25,27073.0,27102.47916666667,27029.41666666667,29686.31944444444,29707.222222222223,29728.875,2,25,8.155263157894737,0.6078947368421053,0.005128205128205128,12.47948717948718
18,5,19,5,2018-02-26,2019-02-26,32200.0,32212.93055555556,32101.20833333333,30067.22916666667,30072.152777777777,30020.54166666667,2,26,8.547368421052632,1.1342105263157893,0.0,12.78421052631579
19,5,20,5,2018-02-27,2019-02-27,33867.0,33927.743055555555,33791.166666666664,29979.91666666667,30031.986111111113,29942.625,2,27,6.173684210526314,6.905263157894738,0.007894736842105263,12.79230769230769
20,5,21,5,2018-02-28,2019-02-28,33342.0,33414.88888888888,33226.041666666664,29165.673611111113,29312.284722222223,29273.5,2,28,7.921052631578948,15.800000000000002,0.0,11.528947368421052
30,1,31,1,2018-03-01,2019-03-01,33099.0,33120.555555555555,32896.0,29508.472222222223,29612.152777777777,29531.04166666667,3,1,10.568421052631576,11.189473684210526,0.04615384615384615,11.756410256410257
31,1,32,1,2018-03-02,2019-03-02,32893.0,32861.256944444445,32720.625,26585.66666666667,26577.86111111111,26485.29166666667,3,2,9.402631578947368,11.36315789473684,0.0,12.935897435897438
32,1,33,1,2018-03-03,2019-03-03,28525.0,28542.19444444444,28367.45833333333,24561.50694444444,24561.659722222223,24459.04166666667,3,3,10.815384615384614,9.397435897435896,1.2820512820512822,13.379487179487178
33,1,27,2,2018-03-04,2019-03-04,26268.0,26255.534722222223,26159.375,28834.33333333333,28879.798611111113,28876.95833333333,3,4,10.533333333333335,6.435897435897434,0.13589743589743591,12.405128205128205
27,2,28,2,2018-03-05,2019-03-05,31526.0,31495.6875,31480.58333333333,29636.47916666667,29641.60416666667,29630.54166666667,3,5,9.435897435897434,5.579487179487179,6.682051282051282,12.474358974358974
28,2,29,2,2018-03-06,2019-03-06,32220.0,32201.638888888887,32136.5,30448.152777777777,30450.18055555556,30352.70833333333,3,6,9.034210526315789,2.9315789473684206,6.774358974358974,11.364102564102565
29,2,30,2,2018-03-07,2019-03-07,31880.0,31888.673611111113,31802.75,30049.222222222223,30084.375,30099.70833333333,3,7,8.584615384615384,3.858974358974358,2.3820512820512825,9.538461538461538
30,2,31,2,2018-03-08,2019-03-08,31588.0,31801.027777777777,31559.66666666667,29553.11805555556,30070.08333333333,29567.5,3,8,11.066666666666665,2.6564102564102563,0.28205128205128205,10.484615384615385
31,2,32,2,2018-03-09,2019-03-09,31206.0,31150.58333333333,31044.41666666667,26391.034722222223,26457.86805555556,26333.20833333333,3,9,13.076923076923073,9.976923076923075,0.03846153846153846,12.251282051282054
32,2,33,2,2018-03-10,2019-03-10,27549.0,27605.61805555556,27459.79166666667,24218.090277777777,24231.52083333333,24117.70833333333,3,10,13.046153846153846,10.428205128205128,0.22307692307692306,13.284615384615382
33,2,27,3,2018-03-11,2019-03-11,25856.0,25902.277777777777,25707.20833333333,28552.55555555556,28534.75,28432.83333333333,3,11,10.65897435897436,3.77948717948718,0.046153846153846156,12.866666666666664
27,3,28,3,2018-03-12,2019-03-12,30668.0,30701.763888888887,30469.41666666667,29327.66666666667,29319.99305555556,29254.33333333333,3,12,10.782051282051283,1.8846153846153846,1.0205128205128207,12.68974358974359
28,3,29,3,2018-03-13,2019-03-13,31209.0,31199.35416666667,31182.25,29759.05555555556,29737.27083333333,29807.91666666667,3,13,11.907692307692304,0.7794871794871795,1.0358974358974362,10.482051282051284
29,3,30,3,2018-03-14,2019-03-14,31455.0,31490.06944444444,31454.125,29696.6875,29691.222222222223,29665.20833333333,3,14,11.600000000000001,13.346153846153847,0.09487179487179488,10.6
30,3,31,3,2018-03-15,2019-03-15,31200.0,31252.701388888887,31165.95833333333,29139.38194444444,29159.402777777777,29182.91666666667,3,15,10.371794871794869,3.7256410256410253,0.0,12.761538461538462
31,3,32,3,2018-03-16,2019-03-16,30794.0,30833.152777777777,30778.45833333333,26000.45138888889,26012.76388888889,25982.79166666667,3,16,8.884615384615387,3.0487179487179494,0.5435897435897435,13.738461538461543
32,3,33,3,2018-03-17,2019-03-17,28232.0,28271.902777777777,28168.25,24176.44444444444,24214.57638888889,24114.04166666667,3,17,8.205263157894738,7.915384615384617,0.5512820512820513,12.064102564102566
33,3,27,4,2018-03-18,2019-03-18,26067.0,26117.86111111111,26008.95833333333,27985.99305555556,28001.95138888889,28025.79166666667,3,18,8.884615384615387,2.492307692307692,1.284615384615385,10.171794871794871
27,4,28,4,2018-03-19,2019-03-19,30908.0,30869.77083333333,30843.20833333333,27794.64583333333,27832.23611111111,27714.625,3,19,7.82820512820513,7.251282051282053,0.7384615384615385,10.4
28,4,29,4,2018-03-20,2019-03-20,32978.0,32980.708333333336,32907.833333333336,29709.79166666667,29720.20833333333,29592.95833333333,3,20,6.274358974358975,0.8256410256410255,0.14615384615384613,9.85897435897436
29,4,30,4,2018-03-21,2019-03-21,32753.0,32823.34722222222,32820.333333333336,29895.44444444444,29871.402777777777,29916.5,3,21,6.784615384615385,0.005128205128205128,0.02564102564102564,10.120512820512822
30,4,31,4,2018-03-22,2019-03-22,32320.0,32325.43055555556,32249.875,29565.43055555556,29574.701388888887,29588.29166666667,3,22,7.084615384615385,0.358974358974359,0.0,11.248717948717946
31,4,32,4,2018-03-23,2019-03-23,32197.0,32205.93055555556,32148.5,26374.47916666667,26415.9375,26291.70833333333,3,23,9.107692307692307,7.4,0.0,12.555263157894737
32,4,33,4,2018-03-24,2019-03-24,29083.0,29021.14583333333,29061.75,24153.159722222223,24134.4375,24057.125,3,24,8.394871794871795,5.412820512820512,0.09487179487179487,13.541025641025644
33,4,27,5,2018-03-25,2019-03-25,26648.0,26599.144927536232,26633.869565217392,28311.826388888887,28272.777777777777,28235.75,3,25,8.735897435897435,2.287179487179487,0.24615384615384614,12.94102564102564
27,5,28,5,2018-03-26,2019-03-26,30560.0,30540.21333333333,30577.24,28989.013888888887,29009.20833333333,28939.91666666667,3,26,9.64871794871795,0.7282051282051281,0.0641025641025641,12.810256410256411
28,5,29,5,2018-03-27,2019-03-27,30364.0,30368.85416666667,30297.04166666667,29037.722222222223,29105.60416666667,29042.83333333333,3,27,12.776923076923078,0.08205128205128205,0.0,11.94615384615385
29,5,30,5,2018-03-28,2019-03-28,29190.0,29185.79166666667,29107.45833333333,29031.69444444444,29040.8125,28961.29166666667,3,28,13.253846153846156,1.8358974358974358,0.005263157894736842,11.79230769230769
30,5,31,5,2018-03-29,2019-03-29,25915.0,25920.91666666667,25753.70833333333,28945.784722222223,28946.69444444444,28984.95833333333,3,29,11.341025641025643,2.823076923076923,0.4263157894736842,12.187179487179487
31,5,32,5,2018-03-30,2019-03-30,24306.0,24295.02083333333,24188.20833333333,26037.56944444444,26044.652777777777,25950.5,3,30,9.076923076923078,5.343589743589743,1.6837837837837837,12.958974358974363
32,5,33,5,2018-03-31,2019-03-31,25137.0,25199.4375,25096.5,24541.963768115944,24570.65217391304,24542.130434782608,3,31,9.294736842105262,0.6210526315789474,3.1405405405405404,12.457894736842102
42,1,36,1,2018-04-01,2019-04-01,23739.0,23757.38888888889,23702.58333333333,28713.10666666667,28743.9,28638.04,4,1,11.91842105263158,1.2657894736842106,1.4921052631578948,13.028205128205128
36,2,37,1,2018-04-02,2019-04-02,26175.0,26206.722222222223,26069.20833333333,29389.652777777777,29405.64583333333,29444.70833333333,4,2,13.839473684210523,2.439473684210526,1.725641025641026,12.648717948717948
37,2,38,1,2018-04-03,2019-04-03,29240.0,29257.43055555556,29234.375,29475.534722222223,29531.64583333333,29423.25,4,3,13.118421052631577,3.378947368421052,2.3487179487179484,10.497435897435897
38,2,39,1,2018-04-04,2019-04-04,29818.0,29829.138888888887,29688.58333333333,29615.72916666667,29787.27083333333,29647.5,4,4,12.35,2.2394736842105267,4.01025641025641,8.910256410256412
39,2,40,1,2018-04-05,2019-04-05,29198.0,29209.263888888887,29184.95833333333,30095.388888888887,29807.923611111113,30113.83333333333,4,5,12.702631578947365,0.4473684210526316,7.664102564102565,8.702564102564104
40,2,41,1,2018-04-06,2019-04-06,29397.0,29487.11805555556,29361.33333333333,26936.85416666667,26923.9375,26816.79166666667,4,6,13.902631578947368,4.978947368421053,4.9526315789473685,8.971052631578948
41,2,42,1,2018-04-07,2019-04-07,26769.0,26770.69444444444,26696.83333333333,25143.14583333333,25159.42361111111,25039.16666666667,4,7,10.997368421052629,6.368421052631578,5.571052631578947,9.69736842105263
42,2,36,2,2018-04-08,2019-04-08,24673.0,24742.125,24560.79166666667,29569.11805555556,29558.08333333333,29551.08333333333,4,8,10.907894736842106,4.894736842105263,3.9820512820512826,12.02051282051282
36,3,37,2,2018-04-09,2019-04-09,29363.0,29359.4375,29270.75,30138.284722222223,30144.88194444444,30059.08333333333,4,9,8.965789473684211,6.344736842105262,3.9256410256410255,10.928205128205134
37,3,38,2,2018-04-10,2019-04-10,31110.0,31092.902777777777,31082.45833333333,30046.722222222223,30103.125,29930.375,4,10,8.178947368421051,15.61578947368421,1.8153846153846156,10.897435897435898
38,3,39,2,2018-04-11,2019-04-11,31322.0,31336.722222222223,31301.125,29867.83333333333,29902.652777777777,29718.16666666667,4,11,8.413513513513513,6.091891891891891,0.29743589743589743,10.838461538461544
39,3,40,2,2018-04-12,2019-04-12,30990.0,31017.70833333333,31054.875,29172.74305555556,29234.784722222223,29269.20833333333,4,12,9.978378378378377,5.635135135135134,0.0,11.626315789473686
40,3,41,2,2018-04-13,2019-04-13,30716.0,30767.263888888887,30661.29166666667,25939.097222222223,25959.6875,25923.625,4,13,10.332432432432432,3.75945945945946,0.01794871794871795,13.389473684210529
41,3,42,2,2018-04-14,2019-04-14,26805.0,26868.784722222223,26728.375,23887.77083333333,23924.52083333333,23829.29166666667,4,14,11.902702702702705,0.5783783783783785,0.37435897435897436,16.02307692307692
42,3,36,3,2018-04-15,2019-04-15,24641.0,24646.81944444444,24642.95833333333,27898.48611111111,27843.23611111111,27860.75,4,15,12.794594594594596,5.452777777777778,2.805128205128205,16.025641025641022
36,4,37,3,2018-04-16,2019-04-16,29056.0,29040.111111111113,29054.375,28140.909722222223,28179.94444444444,28123.29166666667,4,16,12.211111111111116,0.025,0.0,14.417948717948716
37,4,38,3,2018-04-17,2019-04-17,29119.0,29137.784722222223,29184.375,27899.36805555556,27910.465277777777,27834.75,4,17,14.674999999999999,0.0,5.549999999999999,15.671794871794868
38,4,39,3,2018-04-18,2019-04-18,28779.0,28815.93055555556,28760.0,24877.11805555556,24857.58333333333,24778.29166666667,4,18,16.737837837837837,0.0,7.528205128205127,12.869230769230763
39,4,40,3,2018-04-19,2019-04-19,28375.0,28394.027777777777,28362.08333333333,22901.38194444444,22934.58333333333,22796.66666666667,4,19,16.89473684210526,0.08947368421052633,6.299999999999999,13.069230769230769
40,4,41,3,2018-04-20,2019-04-20,28128.0,28145.93055555556,28066.04166666667,23415.402777777777,23466.33333333333,23393.70833333333,4,20,16.352631578947367,0.3999999999999999,1.217948717948718,14.194871794871796
41,4,42,3,2018-04-21,2019-04-21,25284.0,25295.88194444444,25241.125,22590.39583333333,22593.590277777777,22605.70833333333,4,21,16.036842105263162,1.486842105263158,1.4435897435897436,12.723076923076922
42,4,36,4,2018-04-22,2019-04-22,23245.0,23291.86111111111,23295.04166666667,24497.00694444444,24548.94444444444,24507.41666666667,4,22,16.89736842105263,1.9973684210526317,2.2051282051282053,13.820512820512821
36,5,37,4,2018-04-23,2019-04-23,27157.0,27206.94444444444,27135.79166666667,27064.95138888889,27067.94444444444,27113.08333333333,4,23,17.418421052631583,0.2026315789473684,5.176315789473684,11.171052631578945
37,5,38,4,2018-04-24,2019-04-24,28290.0,28294.74305555556,28258.25,28939.347222222223,28941.652777777777,28861.83333333333,4,24,18.59210526315789,0.7210526315789474,7.82051282051282,11.023076923076925
38,5,39,4,2018-04-25,2019-04-25,28513.0,28522.701388888887,28555.95833333333,28948.909722222223,28944.22916666667,28871.125,4,25,16.986842105263158,1.4973684210526315,3.6846153846153835,11.673684210526316
39,5,40,4,2018-04-26,2019-04-26,28294.0,28396.19444444444,28331.20833333333,28270.58333333333,28297.06944444444,28292.0,4,26,16.360526315789475,0.6605263157894737,0.09230769230769231,12.228205128205127
40,5,41,4,2018-04-27,2019-04-27,28127.0,28132.52083333333,28096.16666666667,24984.0625,25026.89583333333,25005.41666666667,4,27,15.657894736842104,0.6289473684210525,0.061538461538461535,13.74871794871795
41,5,42,4,2018-04-28,2019-04-28,25143.0,25159.43055555556,25133.08333333333,22445.82638888889,22486.70138888889,22423.29166666667,4,28,13.010810810810808,2.5315789473684207,0.002564102564102564,15.44102564102564
42,5,36,5,2018-04-29,2019-04-29,23207.0,23253.35416666667,23095.45833333333,26645.97916666667,26669.47916666667,26720.66666666667,4,29,10.534210526315789,2.4631578947368418,0.02820512820512821,16.37948717948718
36,6,37,5,2018-04-30,2019-04-30,25762.0,25752.70833333333,25740.33333333333,27283.63888888889,27366.56944444444,27339.125,4,30,9.978947368421052,4.286842105263157,0.08205128205128205,16.74871794871795
46,1,47,1,2018-05-01,2019-05-01,23245.0,23245.0,23172.125,22980.13888888889,23047.95138888889,22908.41666666667,5,1,10.28684210526316,1.4000000000000001,0.3923076923076923,16.54615384615385
47,1,48,1,2018-05-02,2019-05-02,27345.0,27356.14583333333,27288.54166666667,26412.11111111111,26384.625,26434.125,5,2,11.813157894736841,1.4605263157894737,0.35384615384615375,16.0974358974359
48,1,49,1,2018-05-03,2019-05-03,28594.0,28593.95833333333,28618.41666666667,27377.04861111111,27384.70138888889,27415.91666666667,5,3,13.310526315789474,0.23421052631578948,1.2641025641025643,14.341025641025645
49,1,50,1,2018-05-04,2019-05-04,28600.0,28604.5625,28535.91666666667,24968.25694444444,24953.10416666667,24866.875,5,4,13.231578947368423,0.2578947368421052,0.18974358974358976,14.484615384615385
50,1,51,1,2018-05-05,2019-05-05,25496.0,25512.4375,25412.16666666667,23071.72916666667,23063.63194444444,22985.25,5,5,15.257894736842104,0.7105263157894735,0.0,14.84871794871795
51,1,45,2,2018-05-06,2019-05-06,23267.0,23301.36111111111,23174.625,27274.215277777777,27246.472222222223,27314.875,5,6,17.007894736842104,1.0421052631578949,0.1333333333333333,15.694871794871796
45,2,46,2,2018-05-07,2019-05-07,27771.0,27791.3125,27843.79166666667,28163.99305555556,28217.222222222223,28184.83333333333,5,7,17.68421052631579,0.47105263157894733,1.1256410256410256,16.4
46,2,47,2,2018-05-08,2019-05-08,28450.0,28419.44444444444,28476.875,28482.19444444444,28455.04166666667,28456.66666666667,5,8,17.484210526315795,1.3842105263157896,0.9230769230769232,16.192307692307686
47,2,48,2,2018-05-09,2019-05-09,28388.0,28411.06944444444,28350.70833333333,28430.673611111113,28438.39583333333,28408.75,5,9,16.717948717948715,0.6128205128205129,3.599999999999999,15.912820512820517
48,2,49,2,2018-05-10,2019-05-10,28298.0,28208.361111111113,28229.66666666667,28143.02083333333,28221.590277777777,28116.66666666667,5,10,16.256410256410255,0.6666666666666666,0.23333333333333336,18.74358974358974
49,2,50,2,2018-05-11,2019-05-11,28210.0,28213.50694444444,28230.125,25136.75,25127.52083333333,25145.04166666667,5,11,16.01025641025641,0.8256410256410257,0.010256410256410256,18.043589743589745
50,2,51,2,2018-05-12,2019-05-12,25338.0,25363.5625,25240.45833333333,22985.909722222223,23021.215277777777,22987.79166666667,5,12,13.453846153846156,1.9051282051282055,0.0,17.90769230769231
51,2,45,3,2018-05-13,2019-05-13,23331.0,23335.82638888889,23271.83333333333,27230.777777777777,27218.07638888889,27319.125,5,13,11.607894736842109,2.335897435897436,0.0,18.320512820512818
45,3,46,3,2018-05-14,2019-05-14,27553.0,27541.48611111111,27541.33333333333,28235.909722222223,28236.201388888887,28204.75,5,14,13.98205128205128,0.19487179487179487,0.0,18.82307692307693
46,3,47,3,2018-05-15,2019-05-15,27967.0,27959.465277777777,27946.16666666667,28163.902777777777,28205.43055555556,28249.70833333333,5,15,14.643589743589745,0.08974358974358974,0.021052631578947368,19.57027027027027
47,3,48,3,2018-05-16,2019-05-16,28544.0,28509.70833333333,28508.33333333333,28475.55555555556,28477.347222222223,28451.33333333333,5,16,16.134210526315794,0.0,3.660526315789474,17.66052631578947
48,3,49,3,2018-05-17,2019-05-17,28370.0,28357.55555555556,28370.95833333333,27788.63194444444,27833.74305555556,27764.45833333333,5,17,16.928947368421056,1.226315789473684,1.9666666666666668,13.689743589743589
49,3,50,3,2018-05-18,2019-05-18,28090.0,28192.75,28209.45833333333,24787.60416666667,24831.20833333333,24788.04166666667,5,18,16.934210526315788,1.7256410256410255,4.928205128205128,12.976923076923077
50,3,51,3,2018-05-19,2019-05-19,25280.0,25314.375,25270.0,22966.590277777777,23011.597222222223,22956.08333333333,5,19,17.4025641025641,1.0794871794871794,1.6461538461538459,13.823076923076924
51,3,45,4,2018-05-20,2019-05-20,23170.0,23192.5625,23162.95833333333,27211.52083333333,27238.45138888889,27209.70833333333,5,20,16.774358974358975,1.0487179487179488,0.005128205128205128,14.869230769230775
45,4,46,4,2018-05-21,2019-05-21,27061.0,27060.0625,27194.58333333333,28011.27083333333,28036.472222222223,28020.875,5,21,17.058974358974357,1.7076923076923083,0.4051282051282051,16.846153846153847
46,4,47,4,2018-05-22,2019-05-22,28206.0,28181.16666666667,28285.58333333333,28330.36805555556,28341.875,28389.41666666667,5,22,17.76923076923077,0.08205128205128205,0.0,18.13846153846154
47,4,48,4,2018-05-23,2019-05-23,28605.0,28599.22916666667,28624.25,28306.64583333333,28347.22916666667,28338.375,5,23,18.594594594594593,1.2,0.4102564102564102,18.943589743589744
48,4,49,4,2018-05-24,2019-05-24,28630.0,28644.43055555556,28624.79166666667,28086.98611111111,28071.94444444444,28062.75,5,24,18.686486486486487,8.033333333333331,0.9564102564102563,16.943589743589744
49,4,50,4,2018-05-25,2019-05-25,28384.0,28382.798611111113,28412.45833333333,25018.70833333333,25032.31944444444,24917.125,5,25,16.692307692307693,4.476923076923076,0.3333333333333333,16.85526315789474
50,4,51,4,2018-05-26,2019-05-26,25208.0,25239.98611111111,25216.41666666667,22801.70833333333,22814.18055555556,22762.16666666667,5,26,17.343589743589746,1.5282051282051283,0.39487179487179486,17.743589743589745
51,4,45,5,2018-05-27,2019-05-27,23074.0,23110.159722222223,23057.16666666667,27519.340277777777,27533.22916666667,27550.125,5,27,17.520512820512824,2.31578947368421,0.382051282051282,18.623684210526317
45,5,46,5,2018-05-28,2019-05-28,27499.0,27515.45138888889,27458.20833333333,28411.52083333333,28407.20833333333,28379.83333333333,5,28,16.697368421052634,3.865789473684211,0.34102564102564104,18.205128205128197
46,5,47,5,2018-05-29,2019-05-29,28270.0,28244.736111111113,28278.5,28352.18055555556,28364.49305555556,28330.125,5,29,16.71842105263158,2.5078947368421054,0.0,17.97692307692308
47,5,48,5,2018-05-30,2019-05-30,28042.0,28068.5,28114.33333333333,28185.638888888887,28221.222222222223,28206.0,5,30,16.52820512820513,1.3384615384615386,0.0,19.789743589743587
48,5,49,5,2018-05-31,2019-05-31,27776.0,27822.027777777777,27810.70833333333,28271.13194444444,28335.08333333333,28372.08333333333,5,31,17.182051282051283,0.9974358974358976,0.0,21.61794871794872
58,1,59,1,2018-06-01,2019-06-01,27820.0,27828.527777777777,27792.16666666667,25796.61111111111,25834.72916666667,25795.91666666667,6,1,17.528205128205126,2.2333333333333334,0.0,22.353846153846156
59,1,60,1,2018-06-02,2019-06-02,24964.0,24996.25,24954.20833333333,23886.24305555556,23888.60416666667,23859.04166666667,6,2,17.641025641025642,6.6512820512820525,0.22307692307692306,21.92820512820513
60,1,54,2,2018-06-03,2019-06-03,22747.0,22802.347222222223,22680.125,28605.576388888887,28579.06944444444,28432.875,6,3,17.400000000000002,2.653846153846154,0.3974358974358974,21.994871794871795
54,2,55,2,2018-06-04,2019-06-04,27395.0,27405.472222222223,27398.83333333333,29319.152777777777,29287.35416666667,29273.91666666667,6,4,16.035897435897443,4.412820512820512,3.074358974358974,19.607692307692307
55,2,56,2,2018-06-05,2019-06-05,28221.0,28172.31944444444,28217.33333333333,28695.36805555556,28667.263888888887,28717.41666666667,6,5,15.382051282051279,2.946153846153846,1.335897435897436,16.033333333333335
56,2,57,2,2018-06-06,2019-06-06,28147.0,28144.51388888889,28172.66666666667,28321.94444444444,28307.097222222223,28324.5,6,6,16.34102564102564,1.182051282051282,4.284615384615384,16.420512820512815
57,2,58,2,2018-06-07,2019-06-07,28015.0,28023.13888888889,27982.33333333333,28201.375,28231.298611111113,28234.125,6,7,17.278947368421058,2.5153846153846153,0.3282051282051282,16.207692307692298
58,2,59,2,2018-06-08,2019-06-08,28080.0,28078.14583333333,28038.58333333333,25395.0,25348.45833333333,25380.95833333333,6,8,17.59487179487179,3.2435897435897445,0.035897435897435895,17.028947368421047
59,2,60,2,2018-06-09,2019-06-09,25112.0,25152.55555555556,25137.08333333333,23369.68055555556,23390.777777777777,23365.91666666667,6,9,16.633333333333336,3.8615384615384616,0.2666666666666666,18.27948717948718
60,2,54,3,2018-06-10,2019-06-10,23175.0,23156.79861111111,23065.75,27138.38888888889,27129.20833333333,27130.875,6,10,16.93846153846153,4.625641025641025,1.035897435897436,17.37368421052632
54,3,55,3,2018-06-11,2019-06-11,27746.0,27738.347222222223,27719.875,28070.60416666667,28045.14583333333,28079.08333333333,6,11,17.182051282051283,2.325641025641026,1.2846153846153847,16.102631578947364
55,3,56,3,2018-06-12,2019-06-12,28677.0,28699.06944444444,28601.45833333333,28351.277777777777,28330.736111111113,28379.79166666667,6,12,18.23076923076923,1.7410256410256413,0.03157894736842106,15.962162162162162
56,3,57,3,2018-06-13,2019-06-13,28905.0,28902.61805555556,28899.41666666667,28517.861111111113,28518.298611111113,28550.83333333333,6,13,18.47368421052632,0.18205128205128204,0.6368421052631579,17.537837837837838
57,3,58,3,2018-06-14,2019-06-14,28947.0,28910.3125,28927.45833333333,28365.24305555556,28375.89583333333,28353.45833333333,6,14,19.10000000000001,0.035897435897435895,0.21351351351351353,17.429729729729726
58,3,59,3,2018-06-15,2019-06-15,28881.0,28903.14583333333,28914.20833333333,25522.35416666667,25526.97916666667,25501.20833333333,6,15,19.97435897435897,0.16666666666666666,0.0,17.759459459459457
59,3,60,3,2018-06-16,2019-06-16,26300.0,26270.82638888889,26230.29166666667,23547.534722222223,23584.82638888889,23489.95833333333,6,16,21.058974358974357,0.0717948717948718,0.0,18.927027027027027
60,3,54,4,2018-06-17,2019-06-17,24316.0,24331.375,24264.25,28051.57638888889,28076.38194444444,28084.95833333333,6,17,21.60263157894737,0.08717948717948718,0.3921052631578948,20.339473684210528
54,4,55,4,2018-06-18,2019-06-18,29177.0,29206.88194444444,29164.33333333333,29005.31944444444,29036.74305555556,29049.16666666667,6,18,21.856410256410257,0.08717948717948719,0.5657894736842105,20.978947368421053
55,4,56,4,2018-06-19,2019-06-19,30184.0,30150.513888888887,30228.58333333333,29224.236111111113,29225.86805555556,29297.5,6,19,22.38461538461539,0.01282051282051282,0.21842105263157896,20.41052631578947
56,4,57,4,2018-06-20,2019-06-20,30795.0,30799.375,30803.41666666667,28842.215277777777,28847.465277777777,28808.91666666667,6,20,23.46923076923077,1.1820512820512818,2.191891891891892,20.194736842105264
57,4,58,4,2018-06-21,2019-06-21,31189.0,31120.3125,31123.79166666667,28685.701388888887,28673.465277777777,28767.08333333333,6,21,23.510256410256414,1.3282051282051281,0.03513513513513514,19.789473684210527
58,4,59,4,2018-06-22,2019-06-22,31193.0,31193.701388888887,31167.79166666667,26311.63888888889,26333.20833333333,26274.75,6,22,23.443589743589744,0.0,0.8135135135135135,21.200000000000003
59,4,60,4,2018-06-23,2019-06-23,28063.0,28093.38194444444,27999.0,24397.097222222223,24418.58333333333,24416.58333333333,6,23,24.035897435897443,0.0,0.6378378378378379,22.31578947368421
60,4,54,5,2018-06-24,2019-06-24,25901.0,25889.63194444444,25872.66666666667,26907.465277777777,26889.75,26990.75,6,24,24.77631578947369,0.005128205128205128,0.6756756756756757,21.836842105263155
54,5,55,5,2018-06-25,2019-06-25,30840.0,30918.47916666667,30969.375,30188.85416666667,30129.18055555556,30142.875,6,25,24.063157894736836,0.03333333333333333,0.4108108108108108,22.53157894736842
55,5,56,5,2018-06-26,2019-06-26,31721.0,31752.388888888887,31744.91666666667,31300.64583333333,31271.64583333333,31294.25,6,26,23.43684210526316,0.8282051282051281,0.04054054054054054,24.639473684210525
56,5,57,5,2018-06-27,2019-06-27,31581.0,31528.263888888887,31628.58333333333,31948.576388888887,31941.00694444444,31999.875,6,27,22.571052631578947,0.4230769230769231,0.0,25.329729729729735
57,5,58,5,2018-06-28,2019-06-28,31209.0,31155.826388888887,31254.66666666667,32392.798611111113,32403.24305555556,32378.83333333333,6,28,22.249999999999996,0.8974358974358975,0.0,25.705405405405408
58,5,59,5,2018-06-29,2019-06-29,30627.0,30595.965277777777,30764.875,29579.75694444444,29540.6875,29585.29166666667,6,29,22.705263157894734,2.212820512820513,0.010810810810810811,26.0
59,5,60,5,2018-06-30,2019-06-30,27706.0,27723.22916666667,27629.5,27363.840277777777,27222.73611111111,27394.79166666667,6,30,21.826315789473686,3.9538461538461536,0.18378378378378377,24.73611111111111
15,8,9,8,2018-07-01,2019-07-01,25269.0,25315.034722222223,25275.54166666667,31579.81944444444,31715.340277777777,31639.79166666667,7,1,21.257894736842108,2.935897435897436,0.32432432432432434,23.51666666666667
9,9,10,8,2018-07-02,2019-07-02,29838.0,29939.798611111113,29927.54166666667,32019.548611111113,31990.625,31996.29166666667,7,2,20.900000000000002,0.3717948717948718,0.07027027027027027,23.297368421052635
10,9,11,8,2018-07-03,2019-07-03,31292.0,31271.861111111113,31388.16666666667,31972.076388888887,31961.715277777777,32020.66666666667,7,3,21.981578947368423,0.19487179487179487,1.5216216216216216,23.970270270270273
11,9,12,8,2018-07-04,2019-07-04,31016.0,31012.0625,31103.33333333333,31910.125,31920.902777777777,31931.33333333333,7,4,21.242105263157896,1.8205128205128205,0.9027027027027027,23.905405405405407
12,9,13,8,2018-07-05,2019-07-05,30843.0,30810.861111111113,30848.08333333333,31913.375,31941.60416666667,31962.54166666667,7,5,21.289473684210535,0.13846153846153847,0.002702702702702703,23.878947368421052
13,9,14,8,2018-07-06,2019-07-06,30697.0,30712.91666666667,30626.20833333333,28870.79166666667,28868.86805555556,28759.0,7,6,22.129729729729725,1.5078947368421052,0.11621621621621621,23.786842105263155
14,9,15,8,2018-07-07,2019-07-07,27744.0,27731.02083333333,27780.58333333333,26632.91666666667,26590.41666666667,26538.125,7,7,23.392105263157898,0.25897435897435894,1.0945945945945947,23.868421052631575
15,9,9,9,2018-07-08,2019-07-08,25619.0,25628.70138888889,25727.95833333333,30607.111111111113,30663.08333333333,30562.95833333333,7,8,24.257894736842108,1.2846153846153847,4.454054054054053,22.294594594594596
9,10,10,9,2018-07-09,2019-07-09,31473.0,31455.85416666667,31586.125,30392.423611111113,30409.93055555556,30454.125,7,9,24.61315789473684,0.0,0.2,21.763157894736846
10,10,11,9,2018-07-10,2019-07-10,32270.0,32319.44444444444,32321.54166666667,30985.25,31064.340277777777,30952.95833333333,7,10,24.44736842105263,0.010256410256410256,0.002702702702702703,23.09736842105264
11,10,12,9,2018-07-11,2019-07-11,32128.0,32133.70833333333,32124.33333333333,32303.090277777777,32206.326388888887,32293.16666666667,7,11,23.115789473684213,1.6846153846153846,0.0,25.04736842105263
12,10,13,9,2018-07-12,2019-07-12,31672.0,31650.138888888887,31693.33333333333,32627.94444444444,32631.25694444444,32655.5,7,12,22.902631578947364,2.4538461538461536,0.021621621621621623,26.08947368421052
13,10,14,9,2018-07-13,2019-07-13,31520.0,31514.840277777777,31528.75,28975.611111111113,28938.923611111113,28883.66666666667,7,13,23.508108108108114,1.4743589743589745,1.9702702702702701,25.007894736842108
14,10,15,9,2018-07-14,2019-07-14,28079.0,28084.24305555556,28085.83333333333,26059.409722222223,26061.35416666667,26067.08333333333,7,14,23.51842105263158,0.34871794871794864,0.1388888888888889,23.656756756756767
15,10,9,10,2018-07-15,2019-07-15,25542.0,25559.472222222223,25516.45833333333,31243.763888888887,31229.58333333333,31242.20833333333,7,15,22.17368421052631,0.8589743589743589,0.0,24.27837837837837
9,11,10,10,2018-07-16,2019-07-16,30261.0,30244.93055555556,30235.83333333333,31830.527777777777,31847.236111111113,31871.375,7,16,21.749999999999993,0.9307692307692307,0.09210526315789473,24.099999999999998
10,11,11,10,2018-07-17,2019-07-17,31497.0,31442.340277777777,31451.41666666667,31439.77083333333,31438.159722222223,31428.79166666667,7,17,22.997368421052624,0.035897435897435895,0.2512820512820513,23.27631578947368
11,11,12,10,2018-07-18,2019-07-18,31905.0,31902.83333333333,31889.79166666667,31679.4375,31631.611111111113,31549.54166666667,7,18,23.955263157894734,0.33589743589743587,0.0,23.702564102564104
12,11,13,10,2018-07-19,2019-07-19,32006.0,32005.222222222223,32047.5,32170.111111111113,32141.31944444444,32067.41666666667,7,19,23.310526315789474,1.6717948717948714,0.01282051282051282,25.317948717948717
13,11,14,10,2018-07-20,2019-07-20,31453.0,31454.111111111113,31439.08333333333,29253.361111111113,29230.02083333333,29242.45833333333,7,20,22.244736842105265,1.1025641025641026,0.010256410256410256,25.73333333333334
14,11,15,10,2018-07-21,2019-07-21,27596.0,27603.5,27664.375,27107.20138888889,27091.01388888889,27061.16666666667,7,21,21.60526315789474,0.37435897435897436,0.05263157894736842,25.917948717948715
15,11,9,11,2018-07-22,2019-07-22,25020.0,25023.94444444444,24960.20833333333,32846.40972222222,32845.819444444445,32827.083333333336,7,22,22.93947368421052,0.08717948717948718,0.527027027027027,27.135135135135133
9,12,10,11,2018-07-23,2019-07-23,30740.0,30744.652777777777,30721.20833333333,33837.20138888888,33835.40972222222,33881.291666666664,7,23,24.23157894736843,0.08717948717948719,1.0384615384615385,26.95897435897435
10,12,11,11,2018-07-24,2019-07-24,31824.0,31837.13194444444,31796.29166666667,33872.65277777778,33873.8125,33955.541666666664,7,24,24.065789473684212,0.02564102564102564,0.005128205128205128,26.476315789473684
11,12,12,11,2018-07-25,2019-07-25,31397.0,31396.951388888887,31320.08333333333,32864.48611111112,32827.46527777778,32806.625,7,25,24.294736842105266,0.002564102564102564,2.202564102564103,25.697435897435895
12,12,13,11,2018-07-26,2019-07-26,31817.0,31776.986111111113,31770.29166666667,31764.20833333333,31803.576388888887,31790.125,7,26,23.989473684210527,0.03333333333333333,2.85,22.884210526315794
13,12,14,11,2018-07-27,2019-07-27,31683.0,31717.597222222223,31668.875,27434.159722222223,27406.25,27422.33333333333,7,27,23.723684210526315,0.48205128205128217,3.3769230769230774,20.625641025641027
14,12,15,11,2018-07-28,2019-07-28,28387.0,28356.590277777777,28347.29166666667,24874.902777777777,24896.8125,24827.66666666667,7,28,23.436842105263164,0.1,0.2461538461538462,21.497435897435896
15,12,9,12,2018-07-29,2019-07-29,25869.0,25850.965277777777,25749.16666666667,29824.722222222223,29873.722222222223,29913.45833333333,7,29,23.018421052631577,0.06923076923076923,0.37435897435897436,22.235897435897435
9,13,10,12,2018-07-30,2019-07-30,30731.0,30752.79166666667,30732.875,30371.85416666667,30372.38194444444,30490.5,7,30,23.692105263157895,0.4923076923076923,0.01282051282051282,21.500000000000004
10,13,11,12,2018-07-31,2019-07-31,31542.0,31520.576388888887,31546.70833333333,29909.013888888887,29962.388888888887,29950.70833333333,7,31,24.11842105263158,0.22307692307692306,1.5025641025641026,22.602564102564106
20,8,21,8,2018-08-01,2019-08-01,32482.0,32401.19444444444,32447.375,30919.27083333333,30810.388888888887,30910.91666666667,8,1,25.576315789473686,0.002564102564102564,0.2641025641025641,23.917948717948722
21,8,22,8,2018-08-02,2019-08-02,33375.0,33379.145833333336,33430.0,30739.94444444444,30755.277777777777,30750.79166666667,8,2,27.465789473684218,0.0,0.0,24.435897435897434
22,8,23,8,2018-08-03,2019-08-03,33771.0,33782.020833333336,33818.5,27633.10416666667,27649.909722222223,27703.75,8,3,28.378947368421056,0.0,0.0,25.02564102564103
23,8,24,8,2018-08-04,2019-08-04,30024.0,30084.38194444444,30025.08333333333,25821.13888888889,25809.215277777777,25828.70833333333,8,4,27.53947368421053,0.0,0.007692307692307692,25.012820512820515
24,8,18,9,2018-08-05,2019-08-05,27818.0,27776.909722222223,27778.79166666667,30274.486111111113,30262.93055555556,30263.29166666667,8,5,27.423684210526318,0.046153846153846156,0.0,24.94102564102564
18,9,19,9,2018-08-06,2019-08-06,32701.0,32655.10416666667,32657.58333333333,31112.43055555556,31083.465277777777,31152.0,8,6,27.610526315789468,0.01794871794871795,0.28461538461538466,24.828205128205134
19,9,20,9,2018-08-07,2019-08-07,32797.0,32826.46527777778,32852.458333333336,30766.68055555556,30762.888888888887,30793.41666666667,8,7,24.873684210526314,0.24871794871794875,1.158974358974359,23.682051282051283
20,9,21,9,2018-08-08,2019-08-08,31984.0,32009.076388888887,32055.25,31323.159722222223,31325.47916666667,31303.16666666667,8,8,24.010526315789477,2.8205128205128207,2.1102564102564103,25.5025641025641
21,9,22,9,2018-08-09,2019-08-09,30966.0,30960.625,30908.625,31366.222222222223,31350.36805555556,30678.41666666667,8,9,21.984210526315792,0.14871794871794874,0.6282051282051282,24.33076923076923
22,9,23,9,2018-08-10,2019-08-10,29949.0,29939.43055555556,29843.54166666667,28125.75,28140.097222222223,28186.5,8,10,22.344736842105263,0.0641025641025641,1.558974358974359,23.610256410256408
23,9,24,9,2018-08-11,2019-08-11,27756.0,27781.04166666667,27782.5,25417.4375,25460.034722222223,25424.04166666667,8,11,24.442105263157895,0.29230769230769227,1.7410256410256413,21.82820512820513
24,9,18,10,2018-08-12,2019-08-12,26117.0,26110.47916666667,26045.375,27820.67361111111,27845.5625,27914.41666666667,8,12,24.557894736842105,1.1692307692307693,0.14210526315789473,20.36666666666667
18,10,19,10,2018-08-13,2019-08-13,29350.0,29385.215277777777,29441.45833333333,27881.26388888889,27886.38888888889,27908.95833333333,8,13,23.581578947368424,0.5974358974358974,0.0,21.35128205128205
19,10,20,10,2018-08-14,2019-08-14,29179.0,29243.00694444444,29128.625,28321.375,28314.22916666667,28353.70833333333,8,14,23.568421052631578,0.035897435897435895,0.3710526315789473,22.843589743589746
20,10,21,10,2018-08-15,2019-08-15,26095.0,26142.54861111111,26060.41666666667,25886.472222222223,25858.86111111111,25882.70833333333,8,15,23.847368421052625,0.08974358974358974,0.15,24.015384615384615
21,10,22,10,2018-08-16,2019-08-16,28626.0,28659.39583333333,28685.125,28084.6875,28006.597222222223,27976.375,8,16,23.69736842105263,2.3105263157894735,0.002631578947368421,24.761538461538468
22,10,23,10,2018-08-17,2019-08-17,28048.0,28056.17361111111,28059.54166666667,27058.36111111111,27093.13888888889,26971.83333333333,8,17,22.035135135135135,1.5102564102564102,1.068421052631579,25.353846153846145
23,10,24,10,2018-08-18,2019-08-18,25611.0,25664.01388888889,25542.875,25504.597222222223,25531.88194444444,25470.04166666667,8,18,22.30526315789473,0.03333333333333333,1.064102564102564,23.95384615384615
24,10,18,11,2018-08-19,2019-08-19,24384.0,24395.972222222223,24280.75,29255.35416666667,29219.409722222223,29186.125,8,19,23.713157894736845,0.08947368421052632,0.3621621621621622,22.494736842105258
18,11,19,11,2018-08-20,2019-08-20,29067.0,29018.9375,29011.16666666667,29192.722222222223,29221.590277777777,29169.45833333333,8,20,24.202631578947365,0.0,0.0846153846153846,22.455263157894734
19,11,20,11,2018-08-21,2019-08-21,30246.0,30256.11805555556,30212.79166666667,29069.55555555556,29060.79166666667,28989.70833333333,8,21,24.639473684210532,0.061538461538461535,0.47631578947368425,23.02307692307692
20,11,21,11,2018-08-22,2019-08-22,30664.0,30673.27083333333,30683.625,29323.55555555556,29385.263888888887,29388.33333333333,8,22,24.86315789473684,0.20256410256410254,0.002564102564102564,23.512820512820515
21,11,22,11,2018-08-23,2019-08-23,30614.0,30628.08333333333,30616.08333333333,29300.125,29394.31944444444,29372.54166666667,8,23,24.568421052631578,0.523076923076923,0.0,24.40512820512821
22,11,23,11,2018-08-24,2019-08-24,30308.0,30312.097222222223,30277.08333333333,26869.527777777777,26894.972222222223,26861.0,8,24,23.305263157894743,0.2564102564102564,0.12631578947368421,24.402564102564106
23,11,24,11,2018-08-25,2019-08-25,27155.0,27191.36805555556,27060.375,25083.49305555556,25077.72916666667,25086.125,8,25,22.792105263157897,0.005128205128205128,1.9179487179487182,23.951282051282053
24,11,18,12,2018-08-26,2019-08-26,25132.0,25142.902777777777,25016.58333333333,29561.625,29549.159722222223,29577.83333333333,8,26,23.123684210526307,0.002564102564102564,4.528947368421052,22.771794871794874
18,12,19,12,2018-08-27,2019-08-27,30841.0,30844.16666666667,30731.625,29503.5625,29474.5,29535.29166666667,8,27,24.581578947368417,0.32051282051282054,0.9384615384615383,21.928205128205125
19,12,20,12,2018-08-28,2019-08-28,31877.0,31936.66666666667,31836.08333333333,29907.298611111113,29910.847222222223,29920.5,8,28,24.863157894736844,0.6153846153846154,0.0,23.3025641025641
20,12,21,12,2018-08-29,2019-08-29,31643.0,31716.375,31591.91666666667,30575.375,30586.06944444444,30547.5,8,29,23.239473684210523,0.3871794871794872,0.25263157894736843,24.443589743589744
21,12,22,12,2018-08-30,2019-08-30,31618.0,31559.465277777777,31551.04166666667,30869.08333333333,30887.44444444444,30849.41666666667,8,30,23.147368421052633,0.7743589743589744,0.36052631578947364,24.943589743589744
22,12,23,12,2018-08-31,2019-08-31,31242.0,31267.777777777777,31183.375,27592.909722222223,27615.14583333333,27580.0,8,31,23.6945945945946,0.010256410256410256,0.12368421052631577,24.18421052631579
32,8,33,8,2018-09-01,2019-09-01,28071.0,28078.597222222223,27986.41666666667,25594.402777777777,25585.375,25596.29166666667,9,1,24.707894736842103,0.03684210526315789,0.8641025641025641,23.353846153846156
33,8,27,9,2018-09-02,2019-09-02,26406.0,26392.85416666667,26389.875,30134.513888888887,30133.33333333333,30109.33333333333,9,2,25.49210526315789,0.39459459459459456,0.7871794871794872,22.644736842105264
27,9,28,9,2018-09-03,2019-09-03,31136.0,31209.66666666667,31104.0,31417.763888888887,31359.486111111113,31379.95833333333,9,3,23.681081081081075,0.9500000000000001,0.0,23.325641025641026
28,9,29,9,2018-09-04,2019-09-04,31471.0,31427.16666666667,31480.54166666667,31650.4375,31633.222222222223,31607.79166666667,9,4,22.035135135135135,0.7236842105263158,0.2578947368421053,22.964102564102564
29,9,30,9,2018-09-05,2019-09-05,31137.0,31167.673611111113,31156.875,30731.79166666667,30771.673611111113,30690.79166666667,9,5,21.231578947368416,3.702631578947369,0.33076923076923076,21.174358974358984
30,9,31,9,2018-09-06,2019-09-06,30471.0,30444.61805555556,30423.29166666667,29624.6875,29638.14583333333,29684.70833333333,9,6,21.150000000000002,0.8615384615384616,1.230769230769231,20.251282051282057
31,9,32,9,2018-09-07,2019-09-07,29934.0,29992.965277777777,29955.95833333333,26386.472222222223,26424.82638888889,26393.0,9,7,21.37894736842105,1.2153846153846153,0.4230769230769231,20.43076923076923
32,9,33,9,2018-09-08,2019-09-08,26295.0,26293.60416666667,26328.0,24383.29861111111,24394.70833333333,24404.04166666667,9,8,20.978947368421053,4.915384615384615,3.2051282051282053,20.492307692307683
33,9,27,10,2018-09-09,2019-09-09,24275.0,24298.22916666667,24206.375,28493.16666666667,28514.58333333333,28445.625,9,9,20.93157894736843,1.9692307692307696,2.892105263157895,20.16153846153846
27,10,28,10,2018-09-10,2019-09-10,28380.0,28457.472222222223,28399.70833333333,28616.97916666667,28636.27083333333,28660.95833333333,9,10,21.48947368421053,0.05128205128205128,2.951351351351351,17.389189189189192
28,10,29,10,2018-09-11,2019-09-11,28806.0,28842.11805555556,28846.83333333333,27358.965277777777,27430.097222222223,27302.20833333333,9,11,22.489473684210523,1.2282051282051283,1.9657894736842103,18.310256410256407
29,10,30,10,2018-09-12,2019-09-12,30626.0,30602.93055555556,30604.08333333333,28205.33333333333,28224.159722222223,28289.16666666667,9,12,23.09473684210526,0.8473684210526317,6.476923076923076,19.6974358974359
30,10,31,10,2018-09-13,2019-09-13,30866.0,30850.27083333333,30884.54166666667,27764.034722222223,27779.527777777777,27808.04166666667,9,13,23.076315789473682,0.14210526315789473,6.930769230769229,20.246153846153845
31,10,32,10,2018-09-14,2019-09-14,30632.0,30664.89583333333,30638.41666666667,24992.11111111111,25003.50694444444,24926.0,9,14,22.760526315789473,1.7447368421052631,2.5052631578947366,20.850000000000005
32,10,33,10,2018-09-15,2019-09-15,26763.0,26750.375,26779.33333333333,23512.54166666667,23539.73611111111,23478.29166666667,9,15,22.136842105263156,1.7717948717948717,2.5763157894736843,21.45263157894737
33,10,27,11,2018-09-16,2019-09-16,24763.0,24770.715277777777,24748.25,28331.902777777777,28361.736111111113,28412.29166666667,9,16,22.313157894736843,0.09736842105263159,0.21052631578947367,21.778947368421058
27,11,28,11,2018-09-17,2019-09-17,29915.0,29948.236111111113,29945.95833333333,29247.97916666667,29247.70833333333,29248.95833333333,9,17,23.10540540540541,2.786486486486487,3.46578947368421,22.294871794871792
28,11,29,11,2018-09-18,2019-09-18,30550.0,30552.861111111113,30600.375,29311.638888888887,29361.18055555556,29312.45833333333,9,18,22.413513513513514,0.4837837837837837,0.06153846153846155,21.353846153846153
29,11,30,11,2018-09-19,2019-09-19,30913.0,30852.60416666667,30765.0,29430.798611111113,29431.06944444444,29334.5,9,19,22.38648648648648,0.21052631578947367,0.3282051282051282,21.34871794871795
30,11,31,11,2018-09-20,2019-09-20,31062.0,31097.18055555556,31071.25,29069.10416666667,29112.25694444444,29001.375,9,20,22.678378378378387,0.28378378378378377,3.302564102564103,21.320512820512818
31,11,32,11,2018-09-21,2019-09-21,30906.0,30904.29166666667,30831.91666666667,25786.9375,25793.19444444444,25747.04166666667,9,21,22.262162162162156,0.07894736842105264,5.644736842105263,19.889473684210525
32,11,33,11,2018-09-22,2019-09-22,27664.0,27682.74305555556,27655.58333333333,23616.31944444444,23668.82638888889,23584.5,9,22,23.302702702702703,0.002631578947368421,0.23421052631578948,18.93157894736842
33,11,27,12,2018-09-23,2019-09-23,25689.0,25708.99305555556,25677.20833333333,27644.07638888889,27667.11805555556,27684.875,9,23,23.61891891891891,0.7842105263157894,1.6921052631578946,18.45641025641026
27,12,28,12,2018-09-24,2019-09-24,30411.0,30419.576388888887,30389.04166666667,28608.93055555556,28604.152777777777,28576.5,9,24,21.84864864864865,0.018421052631578946,0.1868421052631579,20.00769230769231
28,12,29,12,2018-09-25,2019-09-25,30748.0,30715.638888888887,30713.75,29074.534722222223,29054.25694444444,29045.25,9,25,20.770270270270274,0.005263157894736842,0.0,19.471052631578946
29,12,30,12,2018-09-26,2019-09-26,30466.0,30537.18055555556,30502.125,29130.70833333333,29112.861111111113,29042.41666666667,9,26,21.71351351351351,0.8432432432432432,0.28684210526315784,20.18205128205128
30,12,31,12,2018-09-27,2019-09-27,30081.0,30116.20833333333,30045.04166666667,28969.41666666667,29028.30555555556,28952.54166666667,9,27,21.93243243243243,0.007894736842105265,0.3815789473684211,19.9974358974359
31,12,32,12,2018-09-28,2019-09-28,29739.0,29745.534722222223,29654.83333333333,25631.50694444444,25664.99305555556,25647.83333333333,9,28,21.01351351351351,0.002564102564102564,0.023076923076923078,20.017948717948723
32,12,33,12,2018-09-29,2019-09-29,26321.0,26354.25694444444,26245.75,23499.8125,23557.972222222223,23449.95833333333,9,29,20.940540540540535,0.0,0.8692307692307691,20.602564102564106
33,12,27,13,2018-09-30,2019-09-30,24190.0,24260.652777777777,24064.58333333333,28134.80555555556,28180.75,28175.33333333333,9,30,20.432432432432435,0.023076923076923078,0.2487179487179487,21.258974358974363
36,8,37,8,2018-10-01,2019-10-01,28588.0,28603.534722222223,28639.08333333333,29164.548611111113,29164.409722222223,29097.54166666667,10,1,18.97297297297297,0.22564102564102567,0.8743589743589744,20.23243243243243
37,8,38,8,2018-10-02,2019-10-02,28956.0,28904.388888888887,28909.54166666667,28808.35416666667,28816.61805555556,28780.83333333333,10,2,17.5027027027027,0.0,0.8923076923076925,18.215384615384615
38,8,39,8,2018-10-03,2019-10-03,29125.0,29180.75,29153.29166666667,28351.4375,28369.715277777777,28367.04166666667,10,3,18.897297297297296,0.0,0.32051282051282054,18.15128205128205
39,8,40,8,2018-10-04,2019-10-04,29209.0,29219.0625,29215.25,28298.06944444444,28256.472222222223,28257.91666666667,10,4,19.451351351351345,0.0,0.31315789473684214,18.828205128205123
40,8,41,8,2018-10-05,2019-10-05,28826.0,28861.465277777777,28767.04166666667,25348.13194444444,25265.31944444444,25252.91666666667,10,5,19.39166666666667,0.010526315789473684,0.14358974358974358,19.07179487179487
41,8,42,8,2018-10-06,2019-10-06,25759.0,25759.3125,25638.70833333333,23378.92361111111,23327.22916666667,23289.33333333333,10,6,18.283783783783782,1.2025641025641025,0.19743589743589743,18.92820512820513
42,8,36,9,2018-10-07,2019-10-07,23698.0,23723.465277777777,23582.16666666667,27844.79861111111,27820.04166666667,27750.58333333333,10,7,15.775675675675673,3.1921052631578952,0.041025641025641026,19.923076923076923
36,9,37,9,2018-10-08,2019-10-08,27620.0,27609.04166666667,27632.33333333333,28763.090277777777,28790.66666666667,28777.125,10,8,15.616666666666665,0.28205128205128205,0.9282051282051282,20.248717948717946
37,9,38,9,2018-10-09,2019-10-09,27916.0,27955.44444444444,27948.33333333333,28112.99305555556,28162.611111111113,28134.25,10,9,16.228947368421053,4.102564102564102,0.04871794871794872,19.128205128205135
38,9,39,9,2018-10-10,2019-10-10,28435.0,28450.027777777777,28388.66666666667,28498.909722222223,28440.326388888887,28500.33333333333,10,10,17.473684210526315,4.826315789473684,0.005128205128205128,18.933333333333337
39,9,40,9,2018-10-11,2019-10-11,28320.0,28315.77083333333,28241.25,28141.70833333333,28157.201388888887,28143.83333333333,10,11,18.55135135135135,1.3256410256410258,0.03333333333333333,20.148717948717948
40,9,41,9,2018-10-12,2019-10-12,24430.0,24505.57638888889,24450.58333333333,24384.125,24431.5625,24282.79166666667,10,12,19.54736842105263,0.34615384615384615,1.5538461538461537,21.32307692307692
41,9,42,9,2018-10-13,2019-10-13,24557.0,24589.29166666667,24518.54166666667,23195.27083333333,23224.72916666667,23094.83333333333,10,13,20.389473684210518,6.769230769230769,4.871794871794871,19.66923076923077
42,9,36,10,2018-10-14,2019-10-14,23390.0,23391.44444444444,23278.16666666667,27757.99305555556,27760.74305555556,27688.66666666667,10,14,16.099999999999994,6.125641025641025,6.123684210526316,16.025641025641026
36,10,37,10,2018-10-15,2019-10-15,27493.0,27464.04166666667,27445.58333333333,27768.48611111111,27728.86111111111,27838.04166666667,10,15,14.06842105263158,3.215384615384615,1.2769230769230768,13.54871794871795
37,10,38,10,2018-10-16,2019-10-16,28351.0,28353.111111111113,28394.125,28007.86805555556,27983.00694444444,27977.54166666667,10,16,15.778378378378381,0.1,5.82051282051282,15.258974358974362
38,10,39,10,2018-10-17,2019-10-17,28640.0,28675.08333333333,28673.29166666667,28141.402777777777,28125.04861111111,28064.91666666667,10,17,15.792105263157893,3.456410256410256,1.4384615384615382,16.338461538461537
39,10,40,10,2018-10-18,2019-10-18,28618.0,28612.52083333333,28548.95833333333,27612.69444444444,27810.0625,27582.75,10,18,15.772972972972967,8.105128205128203,3.287179487179487,16.91025641025641
40,10,41,10,2018-10-19,2019-10-19,28341.0,28323.5625,28292.54166666667,25028.79861111111,25044.14583333333,25028.58333333333,10,19,15.829729729729731,3.787179487179487,12.3974358974359,15.771052631578943
41,10,42,10,2018-10-20,2019-10-20,25173.0,25235.19444444444,25151.20833333333,23090.027777777777,23139.24305555556,23079.29166666667,10,20,16.565789473684212,4.4461538461538455,3.115384615384616,12.523684210526318
42,10,36,11,2018-10-21,2019-10-21,23348.0,23400.222222222223,23334.95833333333,27396.13888888889,27361.1875,27410.41666666667,10,21,18.073684210526313,0.7692307692307693,3.2051282051282053,11.82820512820513
36,11,37,11,2018-10-22,2019-10-22,27706.0,27712.79166666667,27735.41666666667,28597.50694444444,28548.097222222223,28703.08333333333,10,22,17.099999999999998,0.09743589743589744,10.0,11.279487179487177
37,11,38,11,2018-10-23,2019-10-23,28341.0,28344.27083333333,28253.41666666667,28825.18055555556,28826.43055555556,28862.04166666667,10,23,16.744736842105265,0.023076923076923078,7.110256410256409,11.912820512820513
38,11,39,11,2018-10-24,2019-10-24,28289.0,28312.402777777777,28299.66666666667,28664.909722222223,28646.215277777777,28626.79166666667,10,24,16.59473684210526,0.4230769230769231,1.68974358974359,13.34102564102564
39,11,40,11,2018-10-25,2019-10-25,28302.0,28328.63194444444,28185.16666666667,28347.50694444444,28338.24305555556,28215.33333333333,10,25,16.11052631578947,0.33076923076923076,0.007692307692307694,15.500000000000004
40,11,41,11,2018-10-26,2019-10-26,28346.0,28297.25694444444,28254.58333333333,24626.884615384613,24663.336538461543,24508.19230769231,10,26,14.64722222222222,2.8157894736842106,0.676923076923077,16.876923076923074
41,11,42,11,2018-10-27,2019-10-27,25493.0,25485.409722222223,25383.04166666667,25281.630434782608,25277.255434782608,25127.065217391304,10,27,10.786842105263155,7.743589743589744,0.002564102564102564,16.74102564102564
42,11,36,12,2018-10-28,2019-10-28,24189.0,24190.84057971014,24053.217391304344,27648.29166666667,27655.64583333333,27557.125,10,28,7.5710526315789455,5.864102564102565,0.535897435897436,17.189743589743593
36,12,37,12,2018-10-29,2019-10-29,29692.0,29644.3125,29569.08333333333,28359.048611111113,28311.33333333333,28301.54166666667,10,29,7.972972972972971,4.31025641025641,0.48461538461538467,16.93846153846154
37,12,38,12,2018-10-30,2019-10-30,30820.0,30906.347222222223,30816.95833333333,28319.11805555556,28336.090277777777,28276.20833333333,10,30,9.336842105263157,10.074358974358976,1.6025641025641026,16.930769230769236
38,12,39,12,2018-10-31,2019-10-31,30541.0,30675.44444444444,30589.5,27871.38888888889,27898.36805555556,27866.5,10,31,9.828947368421051,5.871794871794871,2.117948717948718,18.053846153846152
48,8,49,8,2018-11-01,2019-11-01,25860.0,25856.472222222223,25781.75,24073.32638888889,24110.965277777777,23987.95833333333,11,1,10.705263157894736,2.787179487179487,5.1,18.47894736842105
49,8,50,8,2018-11-02,2019-11-02,27518.0,27475.784722222223,27579.625,23956.777777777777,24012.29166666667,23922.54166666667,11,2,13.057894736842105,0.241025641025641,3.9157894736842107,16.781578947368427
50,8,51,8,2018-11-03,2019-11-03,26047.0,26030.24305555556,26011.41666666667,22981.159722222223,23008.04166666667,22948.0,11,3,11.978947368421052,0.10256410256410256,3.3641025641025637,15.263157894736844
51,8,45,9,2018-11-04,2019-11-04,24725.0,24734.85416666667,24698.79166666667,27758.10416666667,27737.597222222223,27675.5,11,4,11.739473684210525,9.838461538461537,5.651282051282052,14.594871794871796
45,9,46,9,2018-11-05,2019-11-05,29778.0,29779.347222222223,29842.66666666667,28641.125,28620.95833333333,28528.04166666667,11,5,10.686842105263159,5.274358974358974,5.361538461538461,12.230769230769234
46,9,47,9,2018-11-06,2019-11-06,30661.0,30662.902777777777,30631.45833333333,28759.625,28756.513888888887,28723.75,11,6,10.478947368421055,5.876923076923076,3.86578947368421,11.758974358974356
47,9,48,9,2018-11-07,2019-11-07,30713.0,30678.47916666667,30709.0,29303.30555555556,29204.52083333333,29176.41666666667,11,7,11.621052631578946,1.1948717948717948,4.866666666666667,10.705128205128204
48,9,49,9,2018-11-08,2019-11-08,30772.0,30816.99305555556,30757.04166666667,29683.31944444444,29704.11805555556,29614.95833333333,11,8,11.154054054054058,7.438461538461539,4.769230769230769,9.461538461538462
49,9,50,9,2018-11-09,2019-11-09,30254.0,30241.05555555556,30215.33333333333,26647.45138888889,26664.9375,26600.54166666667,11,9,10.86578947368421,4.6179487179487175,6.115384615384615,10.01025641025641
50,9,51,9,2018-11-10,2019-11-10,27115.0,27063.95138888889,27028.5,24723.652777777777,24718.31944444444,24698.83333333333,11,10,13.615789473684213,3.0410256410256413,4.317948717948718,9.128205128205126
51,9,45,10,2018-11-11,2019-11-11,24926.0,24877.64583333333,24855.08333333333,30041.36805555556,29998.236111111113,30071.08333333333,11,11,14.060526315789472,5.258974358974358,1.8692307692307695,10.215384615384618
45,10,46,10,2018-11-12,2019-11-12,29610.0,29659.576388888887,29626.79166666667,30536.86805555556,30550.04166666667,30588.20833333333,11,12,12.189473684210526,3.3358974358974356,9.987179487179489,10.479487179487178
46,10,47,10,2018-11-13,2019-11-13,29945.0,29969.611111111113,29954.29166666667,30672.20833333333,30657.60416666667,30566.125,11,13,12.705263157894736,0.20769230769230768,5.735897435897436,12.61025641025641
47,10,48,10,2018-11-14,2019-11-14,29903.0,29944.513888888887,29938.29166666667,31307.388888888887,31332.56944444444,31268.20833333333,11,14,13.67631578947368,1.6743589743589742,6.0256410256410255,8.766666666666667
48,10,49,10,2018-11-15,2019-11-15,29877.0,29900.04166666667,29889.25,31326.111111111113,31361.340277777777,31325.83333333333,11,15,14.56842105263158,4.084615384615384,4.612820512820513,7.217948717948718
49,10,50,10,2018-11-16,2019-11-16,29591.0,29620.05555555556,29633.58333333333,28075.98611111111,28081.74305555556,28069.58333333333,11,16,14.021052631578948,1.4358974358974361,3.3615384615384607,6.95897435897436
50,10,51,10,2018-11-17,2019-11-17,26358.0,26385.81944444444,26277.20833333333,26489.45833333333,26550.55555555556,26497.20833333333,11,17,14.02894736842105,0.8973684210526316,7.458974358974358,8.382051282051284
51,10,45,11,2018-11-18,2019-11-18,24934.0,24954.42361111111,24942.625,31032.111111111113,31005.60416666667,31050.66666666667,11,18,11.959459459459463,7.37027027027027,0.6461538461538462,8.456410256410257
45,11,46,11,2018-11-19,2019-11-19,29766.0,29799.298611111113,29827.16666666667,32146.36805555556,32151.277777777777,32083.91666666667,11,19,11.816216216216215,3.156756756756757,1.1282051282051284,7.435897435897434
46,11,47,11,2018-11-20,2019-11-20,30858.0,30821.33333333333,30847.66666666667,32424.736111111113,32481.472222222223,32425.0,11,20,10.418421052631578,4.45,3.878947368421053,8.1025641025641
47,11,48,11,2018-11-21,2019-11-21,31022.0,31030.94444444444,30970.95833333333,32355.611111111113,32336.05555555556,32361.5,11,21,10.786842105263158,3.3342105263157897,4.3921052631578945,10.112820512820514
48,11,49,11,2018-11-22,2019-11-22,31185.0,31181.5,31213.04166666667,32132.72916666667,32163.201388888887,32085.04166666667,11,22,10.397368421052633,9.015789473684212,15.033333333333331,11.733333333333333
49,11,50,11,2018-11-23,2019-11-23,30980.0,30966.361111111113,30939.66666666667,27684.340277777777,27689.215277777777,27736.0,11,23,9.800000000000002,1.9605263157894737,3.4974358974358974,10.484615384615383
50,11,51,11,2018-11-24,2019-11-24,27770.0,27810.9375,27659.25,25767.11111111111,25793.74305555556,25709.5,11,24,9.926315789473687,4.7368421052631575,2.2307692307692304,9.882051282051279
51,11,45,12,2018-11-25,2019-11-25,26147.0,26135.42361111111,26025.75,30494.972222222223,30529.847222222223,30549.91666666667,11,25,10.799999999999997,6.945945945945945,0.6743589743589744,12.974358974358976
45,12,46,12,2018-11-26,2019-11-26,30927.0,30974.513888888887,30833.375,30942.16666666667,30892.75,30878.33333333333,11,26,10.037837837837841,2.676315789473684,3.7153846153846146,13.846153846153848
46,12,47,12,2018-11-27,2019-11-27,31568.0,31593.64583333333,31617.75,30472.14583333333,30498.14583333333,30366.08333333333,11,27,9.684210526315788,0.015384615384615387,1.4410256410256412,12.55641025641026
47,12,48,12,2018-11-28,2019-11-28,31666.0,31654.63194444444,31637.125,30524.388888888887,30553.340277777777,30484.95833333333,11,28,10.428205128205128,0.6948717948717948,3.271794871794872,12.312820512820513
48,12,49,12,2018-11-29,2019-11-29,31794.0,31762.402777777777,31780.875,29996.61805555556,30029.625,29996.75,11,29,9.976315789473686,3.8,1.6615384615384614,13.207692307692309
49,12,50,12,2018-11-30,2019-11-30,31313.0,31332.902777777777,31200.625,26670.590277777777,26710.11111111111,26621.16666666667,11,30,9.823684210526316,0.6512820512820513,7.351282051282053,12.438461538461542
59,8,60,8,2018-12-01,2019-12-01,28009.0,28068.86111111111,28025.29166666667,25339.222222222223,25374.08333333333,25344.625,12,1,9.773684210526318,0.16153846153846152,5.27948717948718,10.466666666666669
60,8,54,9,2018-12-02,2019-12-02,26021.0,26003.29861111111,25957.08333333333,30116.638888888887,30164.97916666667,30264.125,12,2,11.823684210526316,1.1179487179487178,1.7512820512820508,9.187179487179487
54,9,55,9,2018-12-03,2019-12-03,30442.0,30470.902777777777,30415.0,31071.83333333333,31100.673611111113,31125.41666666667,12,3,12.210526315789473,2.3666666666666667,2.3666666666666667,7.78974358974359
55,9,56,9,2018-12-04,2019-12-04,30776.0,30807.826388888887,30655.04166666667,31497.423611111113,31530.5,31491.08333333333,12,4,13.160526315789475,0.007692307692307694,4.971794871794872,8.182051282051285
56,9,57,9,2018-12-05,2019-12-05,30531.0,30520.972222222223,30534.91666666667,31151.0,31134.847222222223,31232.08333333333,12,5,12.497368421052629,0.4205128205128206,1.071794871794872,9.343589743589742
57,9,58,9,2018-12-06,2019-12-06,26763.0,26752.58333333333,26711.54166666667,27189.24305555556,27214.77083333333,27173.625,12,6,11.928947368421055,0.043589743589743594,0.31052631578947365,9.899999999999999
58,9,59,9,2018-12-07,2019-12-07,27949.0,27971.55555555556,27870.29166666667,26621.32638888889,26613.20833333333,26631.20833333333,12,7,10.586842105263159,0.7615384615384616,0.3820512820512821,9.69230769230769
59,9,60,9,2018-12-08,2019-12-08,26133.0,26125.82638888889,26026.41666666667,25522.80555555556,25561.05555555556,25533.625,12,8,10.544736842105262,0.03846153846153847,2.2769230769230773,9.138461538461534
60,9,54,10,2018-12-09,2019-12-09,25403.0,25420.30555555556,25430.70833333333,28665.00694444444,28688.013888888887,28665.125,12,9,11.273684210526318,0.05384615384615385,0.5410256410256411,9.797435897435895
54,10,55,10,2018-12-10,2019-12-10,30465.0,30499.95833333333,30394.83333333333,31071.38194444444,31109.31944444444,31129.04166666667,12,10,10.65,0.005128205128205128,1.7589743589743587,8.45128205128205
55,10,56,10,2018-12-11,2019-12-11,31472.0,31496.236111111113,31515.16666666667,31622.08333333333,31610.875,31634.70833333333,12,11,9.734210526315787,0.28974358974358977,4.776923076923077,8.756410256410255
56,10,57,10,2018-12-12,2019-12-12,31816.0,31818.3125,31783.54166666667,32222.30555555556,32188.45833333333,32155.33333333333,12,12,9.167567567567568,4.8157894736842115,10.441025641025641,9.346153846153847
57,10,58,10,2018-12-13,2019-12-13,32257.0,32275.60416666667,32153.33333333333,31149.75,31160.840277777777,31069.04166666667,12,13,9.000000000000002,7.465789473684208,0.9256410256410257,13.025641025641022
58,10,59,10,2018-12-14,2019-12-14,31803.0,31855.215277777777,31752.08333333333,27491.13194444444,27470.93055555556,27340.125,12,14,8.505263157894733,2.238461538461538,3.712820512820513,11.766666666666667
59,10,60,10,2018-12-15,2019-12-15,28486.0,28493.61805555556,28398.66666666667,25937.465277777777,25876.57638888889,25748.16666666667,12,15,10.355263157894736,4.084210526315789,2.841025641025641,11.356410256410257
60,10,54,11,2018-12-16,2019-12-16,26801.0,26734.625,26688.70833333333,30659.72916666667,30687.027777777777,30731.16666666667,12,16,10.267567567567568,2.3055555555555554,5.307692307692308,11.02051282051282
54,11,55,11,2018-12-17,2019-12-17,31774.0,31818.5,31726.33333333333,31196.31944444444,31211.24305555556,31231.875,12,17,8.03243243243243,0.04736842105263158,0.9307692307692307,9.023076923076923
55,11,56,11,2018-12-18,2019-12-18,32796.0,32744.31944444444,32697.16666666667,31226.75694444444,31284.93055555556,31156.70833333333,12,18,8.868421052631582,4.497435897435897,8.451282051282051,9.81282051282051
56,11,57,11,2018-12-19,2019-12-19,32158.0,32176.423611111113,32109.125,31195.86805555556,31218.277777777777,31096.125,12,19,9.636842105263156,1.2657894736842106,20.755263157894735,11.81842105263158
57,11,58,11,2018-12-20,2019-12-20,31726.0,31722.402777777777,31699.5,29482.201388888887,29601.88194444444,29360.0,12,20,10.176315789473682,0.4,11.389473684210524,12.960526315789474
58,11,59,11,2018-12-21,2019-12-21,30594.0,30638.763888888887,30589.41666666667,25911.80555555556,25947.909722222223,25957.66666666667,12,21,10.589473684210525,0.3,5.3921052631578945,14.238461538461538
59,11,60,11,2018-12-22,2019-12-22,27152.0,27202.95138888889,27120.33333333333,24058.68055555556,24089.38194444444,24074.16666666667,12,22,10.886842105263161,0.06666666666666667,2.0026315789473688,12.389473684210525
60,11,54,12,2018-12-23,2019-12-23,25478.0,25547.43055555556,25472.16666666667,26284.27083333333,26333.875,26268.91666666667,12,23,10.547368421052633,0.02564102564102564,0.45135135135135135,11.271052631578948
54,12,55,12,2018-12-24,2019-12-24,25500.0,25472.16666666667,25473.625,24042.01388888889,24095.98611111111,23937.875,12,24,9.210256410256411,0.007692307692307694,0.034210526315789476,12.60263157894737
55,12,56,12,2018-12-25,2019-12-25,22332.0,22331.48611111111,22234.625,20894.472222222223,20901.23611111111,20823.916666666668,12,25,9.741025641025642,0.0,0.23421052631578942,12.286842105263158
56,12,57,12,2018-12-26,2019-12-26,26514.0,26480.22916666667,26443.66666666667,24391.6875,24429.909722222223,24425.625,12,26,9.394871794871793,0.11282051282051284,0.010526315789473684,10.66578947368421
57,12,58,12,2018-12-27,2019-12-27,28521.0,28499.08333333333,28526.04166666667,26350.8125,26347.902777777777,26299.33333333333,12,27,8.351282051282052,0.17435897435897438,0.0,9.215789473684211
58,12,59,12,2018-12-28,2019-12-28,28624.0,28574.513888888887,28649.08333333333,25218.340277777777,25130.98611111111,25136.75,12,28,8.31315789473684,0.23157894736842102,0.0,9.446153846153848
59,12,60,12,2018-12-29,2019-12-29,26633.0,26614.95138888889,26433.08333333333,24103.75694444444,24070.73611111111,24053.95833333333,12,29,8.213157894736844,0.002631578947368421,0.002564102564102564,9.510256410256412
60,12,54,13,2018-12-30,2019-12-30,25255.0,25269.13888888889,25109.875,26954.51388888889,26994.38194444444,26929.375,12,30,8.484210526315787,0.021621621621621623,0.0,8.602564102564106
54,13,55,13,2018-12-31,2019-12-31,25909.0,25906.52083333333,25778.29166666667,25791.75,25822.01388888889,25720.375,12,31,8.697297297297297,0.0,0.010256410256410256,8.020512820512819
